,Store,StoreType,Assortment,CompetitionDistance,CompetitionOpenSinceMonth,CompetitionOpenSinceYear,Promo2,Promo2SinceWeek,Promo2SinceYear,PromoInterval0,PromoInterval1,PromoInterval2,PromoInterval3
0,1,2,0,1270,9,2008,0,0,0,0,0,0,0
1,2,0,0,570,11,2007,1,13,2010,1,4,7,10
2,3,0,0,14130,12,2006,1,14,2011,1,4,7,10
3,4,2,2,620,9,2009,0,0,0,0,0,0,0
4,5,0,0,29910,4,2015,0,0,0,0,0,0,0
5,6,0,0,310,12,2013,0,0,0,0,0,0,0
6,7,0,2,24000,4,2013,0,0,0,0,0,0,0
7,8,0,0,7520,10,2014,0,0,0,0,0,0,0
8,9,0,2,2030,8,2000,0,0,0,0,0,0,0
9,10,0,0,3160,9,2009,0,0,0,0,0,0,0
10,11,0,2,960,11,2011,1,1,2012,1,4,7,10
11,12,0,2,1070,1,1990,1,13,2010,1,4,7,10
12,13,3,0,310,1,1990,1,45,2009,2,5,8,11
13,14,0,0,1300,3,2014,1,40,2011,1,4,7,10
14,15,3,2,4110,3,2010,1,14,2011,1,4,7,10
15,16,0,2,3270,1,1990,0,0,0,0,0,0,0
16,17,0,0,50,12,2005,1,26,2010,1,4,7,10
17,18,3,2,13840,6,2010,1,14,2012,1,4,7,10
18,19,0,2,3240,1,1990,1,22,2011,3,6,9,12
19,20,3,0,2340,5,2009,1,40,2014,1,4,7,10
20,21,2,2,550,10,1999,1,45,2009,1,4,7,10
21,22,0,0,1040,1,1990,1,22,2012,1,4,7,10
22,23,3,0,4060,8,2005,0,0,0,0,0,0,0
23,24,0,2,4590,3,2000,1,40,2011,1,4,7,10
24,25,2,0,430,4,2003,0,0,0,0,0,0,0
25,26,3,0,2300,1,1990,0,0,0,0,0,0,0
26,27,0,0,60,1,2005,1,5,2011,1,4,7,10
27,28,0,0,1200,10,2014,1,6,2015,3,6,9,12
28,29,3,2,2170,1,1990,0,0,0,0,0,0,0
29,30,0,0,40,2,2014,1,10,2014,3,6,9,12
30,31,3,2,9800,7,2012,0,0,0,0,0,0,0
31,32,0,0,2910,1,1990,1,45,2009,2,5,8,11
32,33,0,2,1320,5,2013,0,0,0,0,0,0,0
33,34,2,0,2240,9,2009,0,0,0,0,0,0,0
34,35,3,2,7660,10,2000,1,1,2012,1,4,7,10
35,36,0,2,540,6,2003,1,40,2014,1,4,7,10
36,37,2,0,4230,12,2014,0,0,0,0,0,0,0
37,38,3,0,1090,4,2007,0,0,0,0,0,0,0
38,39,0,0,260,10,2006,1,31,2013,2,5,8,11
39,40,0,0,180,1,1990,1,45,2009,2,5,8,11
40,41,3,2,1180,1,1990,1,31,2013,1,4,7,10
41,42,0,2,290,1,1990,1,40,2011,1,4,7,10
42,43,3,0,4880,1,1990,1,37,2009,1,4,7,10
43,44,0,0,540,6,2011,0,0,0,0,0,0,0
44,45,3,0,9710,2,2014,0,0,0,0,0,0,0
45,46,2,0,1200,9,2005,1,14,2011,1,4,7,10
46,47,0,2,270,4,2013,1,14,2013,1,4,7,10
47,48,0,0,1060,5,2012,0,0,0,0,0,0,0
48,49,3,2,18010,9,2007,0,0,0,0,0,0,0
49,50,3,0,6260,11,2009,0,0,0,0,0,0,0
50,51,0,2,10570,7,2013,1,9,2011,1,4,7,10
51,52,3,2,450,4,2014,1,39,2010,1,4,7,10
52,53,0,2,30360,9,2013,0,0,0,0,0,0,0
53,54,3,2,7170,8,2014,1,5,2013,2,5,8,11
54,55,0,0,720,11,2004,0,0,0,0,0,0,0
55,56,3,2,6620,3,2012,1,10,2014,3,6,9,12
56,57,3,2,420,6,2014,0,0,0,0,0,0,0
57,58,0,2,7340,5,2008,1,27,2012,1,4,7,10
58,59,0,2,2840,6,2007,1,14,2011,1,4,7,10
59,60,3,2,5540,10,2009,0,0,0,0,0,0,0
60,61,0,2,350,12,2007,1,1,2012,1,4,7,10
61,62,0,0,2050,1,1990,0,0,0,0,0,0,0
62,63,2,2,3700,6,2010,1,18,2010,2,5,8,11
63,64,3,2,22560,1,1990,1,14,2013,1,4,7,10
64,65,0,2,13840,5,2010,1,1,2012,1,4,7,10
65,66,3,0,7660,1,1990,1,37,2009,1,4,7,10
66,67,0,2,410,2,2006,0,0,0,0,0,0,0
67,68,0,2,250,1,1990,1,35,2012,3,6,9,12
68,69,2,2,1130,1,1990,1,40,2011,1,4,7,10
69,70,2,2,4840,1,1990,0,0,0,0,0,0,0
70,71,0,0,17500,8,2008,1,37,2009,3,6,9,12
71,72,0,0,2200,12,2009,1,13,2010,1,4,7,10
72,73,0,2,1650,9,2008,0,0,0,0,0,0,0
73,74,0,0,330,1,1990,0,0,0,0,0,0,0
74,75,3,2,22440,12,2013,0,0,0,0,0,0,0
75,76,3,2,19960,3,2006,0,0,0,0,0,0,0
76,77,3,2,1090,8,2009,1,10,2014,1,4,7,10
77,78,0,0,3510,11,2006,1,5,2013,2,5,8,11
78,79,0,0,3320,1,1990,0,0,0,0,0,0,0
79,80,3,0,7910,1,1990,0,0,0,0,0,0,0
80,81,0,0,2370,3,2011,1,40,2014,1,4,7,10
81,82,0,0,22390,4,2008,1,37,2009,1,4,7,10
82,83,0,0,2710,1,1990,0,0,0,0,0,0,0
83,84,0,2,11810,8,2014,0,0,0,0,0,0,0
84,85,1,0,1870,10,2011,0,0,0,0,0,0,0
85,86,0,0,480,2,2005,1,31,2013,1,4,7,10
86,87,0,0,560,12,2010,0,0,0,0,0,0,0
87,88,0,0,10690,10,2005,0,0,0,0,0,0,0
88,89,0,0,2380,7,2004,1,40,2014,1,4,7,10
89,90,0,0,330,11,2007,0,0,0,0,0,0,0
90,91,2,0,2410,1,1990,1,35,2011,1,4,7,10
91,92,2,0,240,1,1990,1,45,2009,2,5,8,11
92,93,0,0,16690,1,1990,1,14,2011,1,4,7,10
93,94,3,2,14620,1,1990,0,0,0,0,0,0,0
94,95,0,0,1890,10,2014,0,0,0,0,0,0,0
95,96,0,0,8780,2,2005,1,37,2009,1,4,7,10
96,97,3,2,8980,1,1990,0,0,0,0,0,0,0
97,98,3,2,15140,12,2006,1,1,2012,1,4,7,10
98,99,2,2,2030,11,2003,1,22,2012,3,6,9,12
99,100,3,0,17930,1,1990,0,0,0,0,0,0,0
100,101,3,2,2440,1,1990,1,22,2012,3,6,9,12
101,102,0,0,150,12,2007,1,10,2014,3,6,9,12
102,103,3,2,5210,5,2015,0,0,0,0,0,0,0
103,104,0,0,390,6,2009,0,0,0,0,0,0,0
104,105,0,2,6190,1,1990,1,23,2013,3,6,9,12
105,106,0,0,1390,8,2013,0,0,0,0,0,0,0
106,107,0,0,1930,9,2009,0,0,0,0,0,0,0
107,108,3,2,2190,9,2003,0,0,0,0,0,0,0
108,109,0,2,3300,11,2010,0,0,0,0,0,0,0
109,110,0,2,46590,4,2013,0,0,0,0,0,0,0
110,111,3,2,7890,1,1990,1,37,2009,1,4,7,10
111,112,0,0,1630,9,2009,0,0,0,0,0,0,0
112,113,3,2,20930,11,1999,0,0,0,0,0,0,0
113,114,2,0,4510,1,1990,1,48,2011,3,6,9,12
114,115,3,2,5740,4,2007,1,40,2014,1,4,7,10
115,116,0,0,680,4,2013,0,0,0,0,0,0,0
116,117,0,0,3450,9,2011,0,0,0,0,0,0,0
117,118,3,2,3580,9,2012,0,0,0,0,0,0,0
118,119,0,2,2100,2,2010,0,0,0,0,0,0,0
119,120,3,0,2290,12,2014,1,37,2009,1,4,7,10
120,121,0,0,3570,11,2009,1,36,2013,3,6,9,12
121,122,0,2,58260,4,2013,0,0,0,0,0,0,0
122,123,0,0,16760,9,2011,0,0,0,0,0,0,0
123,124,0,0,1410,4,2003,0,0,0,0,0,0,0
124,125,0,0,760,12,2005,0,0,0,0,0,0,0
125,126,3,0,3370,10,2014,1,18,2011,2,5,8,11
126,127,3,0,1350,12,2005,1,13,2010,1,4,7,10
127,128,3,2,2000,1,1990,1,1,2013,1,4,7,10
128,129,0,0,2460,1,1990,1,14,2011,1,4,7,10
129,130,2,0,900,1,1990,1,13,2010,1,4,7,10
130,131,2,0,920,7,2015,0,0,0,0,0,0,0
131,132,3,2,1040,1,1990,1,27,2012,1,4,7,10
132,133,0,0,270,8,2013,1,10,2014,3,6,9,12
133,134,0,0,1200,9,2008,0,0,0,0,0,0,0
134,135,3,0,5190,1,1990,1,1,2013,1,4,7,10
135,136,0,2,2200,12,2010,1,22,2012,2,5,8,11
136,137,0,0,1730,7,2015,1,40,2014,1,4,7,10
137,138,0,2,25360,10,2014,0,0,0,0,0,0,0
138,139,0,0,1700,1,2008,1,14,2011,1,4,7,10
139,140,0,2,1090,7,2010,1,1,2013,1,4,7,10
140,141,2,2,1540,1,1990,1,22,2012,3,6,9,12
141,142,0,0,1090,7,2002,0,0,0,0,0,0,0
142,143,3,0,2930,12,2002,0,0,0,0,0,0,0
143,144,0,2,16570,1,1990,0,0,0,0,0,0,0
144,145,0,0,280,1,1990,1,45,2009,2,5,8,11
145,146,3,2,8050,10,1961,1,48,2012,1,4,7,10
146,147,3,2,8540,1,1990,0,0,0,0,0,0,0
147,148,0,0,2090,12,2008,0,0,0,0,0,0,0
148,149,3,0,2610,7,2006,1,14,2011,1,4,7,10
149,150,2,2,31830,3,2010,0,0,0,0,0,0,0
150,151,3,2,4360,10,2005,0,0,0,0,0,0,0
151,152,0,0,1780,1,1990,0,0,0,0,0,0,0
152,153,0,0,16240,10,2000,1,18,2011,2,5,8,11
153,154,3,2,16420,1,1990,0,0,0,0,0,0,0
154,155,3,0,3050,1,1990,1,35,2010,1,4,7,10
155,156,0,0,2020,2,2011,1,14,2011,3,6,9,12
156,157,0,2,2950,10,2004,0,0,0,0,0,0,0
157,158,3,2,11840,1,1990,1,31,2009,2,5,8,11
158,159,3,0,8530,3,2013,0,0,0,0,0,0,0
159,160,3,2,17110,11,2005,0,0,0,0,0,0,0
160,161,0,2,2970,3,2005,0,0,0,0,0,0,0
161,162,3,2,5340,3,2012,1,13,2010,1,4,7,10
162,163,0,0,1480,4,2009,0,0,0,0,0,0,0
163,164,0,0,1160,9,2005,1,13,2010,1,4,7,10
164,165,0,0,3720,4,2005,1,13,2010,1,4,7,10
165,166,0,2,100,4,2014,1,31,2013,1,4,7,10
166,167,0,0,140,4,2008,0,0,0,0,0,0,0
167,168,0,0,12540,1,1990,0,0,0,0,0,0,0
168,169,3,0,980,7,2014,1,18,2014,2,5,8,11
169,170,0,0,1070,5,2015,1,14,2011,1,4,7,10
170,171,0,0,2640,1,1990,0,0,0,0,0,0,0
171,172,0,0,110,1,1990,1,40,2014,1,4,7,10
172,173,0,0,350,12,2012,0,0,0,0,0,0,0
173,174,0,0,13090,1,1990,1,22,2012,1,4,7,10
174,175,2,0,4130,1,1990,0,0,0,0,0,0,0
175,176,0,0,3770,1,1990,0,0,0,0,0,0,0
176,177,0,0,1250,2,2004,1,5,2013,2,5,8,11
177,178,3,0,1710,1,1990,0,0,0,0,0,0,0
178,179,0,2,480,1,1990,0,0,0,0,0,0,0
179,180,3,0,5800,9,2010,0,0,0,0,0,0,0
180,181,0,0,12610,3,2013,1,14,2011,1,4,7,10
181,182,3,2,1390,1,1990,1,9,2011,3,6,9,12
182,183,0,0,9670,1,1990,0,0,0,0,0,0,0
183,184,3,2,3560,1,1990,0,0,0,0,0,0,0
184,185,3,2,1860,5,2015,0,0,0,0,0,0,0
185,186,0,0,290,10,2011,1,40,2014,1,4,7,10
186,187,0,2,19360,1,1990,0,0,0,0,0,0,0
187,188,3,0,850,1,1990,1,18,2011,2,5,8,11
188,189,3,0,5760,7,2014,0,0,0,0,0,0,0
189,190,0,0,1470,12,2006,1,40,2014,1,4,7,10
190,191,0,0,1100,8,2013,1,40,2014,1,4,7,10
191,192,3,2,2770,3,2008,1,40,2014,1,4,7,10
192,193,0,0,520,1,1990,0,0,0,0,0,0,0
193,194,3,2,16970,1,1990,1,5,2013,2,5,8,11
194,195,0,2,220,1,1990,0,0,0,0,0,0,0
195,196,2,0,3850,11,2005,1,14,2011,1,4,7,10
196,197,2,0,4210,3,2015,0,0,0,0,0,0,0
197,198,0,0,290,9,2002,1,13,2010,1,4,7,10
198,199,3,2,6360,12,2010,1,14,2012,3,6,9,12
199,200,0,0,1650,10,2000,0,0,0,0,0,0,0
200,201,3,0,20260,1,1990,1,18,2014,3,6,9,12
201,202,3,2,5140,5,2010,0,0,0,0,0,0,0
202,203,2,2,490,11,2002,0,0,0,0,0,0,0
203,204,0,0,5630,12,2002,1,40,2014,1,4,7,10
204,205,0,0,110,12,2007,0,0,0,0,0,0,0
205,206,0,2,380,1,1990,1,14,2012,1,4,7,10
206,207,0,0,6870,1,1990,0,0,0,0,0,0,0
207,208,2,0,300,4,2006,0,0,0,0,0,0,0
208,209,0,2,11680,9,2011,1,31,2013,1,4,7,10
209,210,3,0,970,11,1999,1,5,2013,2,5,8,11
210,211,0,2,350,11,2006,0,0,0,0,0,0,0
211,212,0,2,15050,9,2008,0,0,0,0,0,0,0
212,213,3,2,4030,3,2014,1,1,2014,1,4,7,10
213,214,3,0,8650,7,2013,1,10,2014,1,4,7,10
214,215,3,0,150,1,1990,1,45,2009,2,5,8,11
215,216,2,0,190,1,1990,1,45,2009,2,5,8,11
216,217,2,0,3150,1,1990,0,0,0,0,0,0,0
217,218,0,2,640,1,1990,1,9,2011,3,6,9,12
218,219,0,0,1640,2,2013,0,0,0,0,0,0,0
219,220,0,0,1000,9,2008,0,0,0,0,0,0,0
220,221,3,2,13530,9,2013,0,0,0,0,0,0,0
221,222,0,0,2170,11,2008,0,0,0,0,0,0,0
222,223,3,2,2920,10,1995,1,27,2011,1,4,7,10
223,224,3,2,7930,1,1990,1,1,2013,1,4,7,10
224,225,3,0,10180,5,2015,0,0,0,0,0,0,0
225,226,0,0,450,1,1990,0,0,0,0,0,0,0
226,227,0,0,2370,1,1990,0,0,0,0,0,0,0
227,228,3,2,10800,1,1990,1,18,2011,2,5,8,11
228,229,3,2,17410,4,2007,1,14,2011,1,4,7,10
229,230,3,2,6680,9,2013,0,0,0,0,0,0,0
230,231,3,2,3840,10,2008,1,39,2010,2,5,8,11
231,232,2,2,13570,5,2010,1,10,2013,3,6,9,12
232,233,0,0,1890,1,1990,0,0,0,0,0,0,0
233,234,3,0,4370,1,1990,0,0,0,0,0,0,0
234,235,0,0,5710,3,2012,1,37,2009,1,4,7,10
235,236,0,0,1000,11,2007,0,0,0,0,0,0,0
236,237,0,0,1420,11,2007,0,0,0,0,0,0,0
237,238,0,0,320,1,1990,1,45,2009,2,5,8,11
238,239,3,2,610,1,1990,0,0,0,0,0,0,0
239,240,0,0,1110,5,2009,0,0,0,0,0,0,0
240,241,3,2,780,1,1990,0,0,0,0,0,0,0
241,242,3,0,6880,9,2001,1,14,2011,1,4,7,10
242,243,0,0,310,1,1990,1,5,2013,2,5,8,11
243,244,3,0,710,3,2012,1,1,2012,1,4,7,10
244,245,0,2,1310,1,1990,0,0,0,0,0,0,0
245,246,2,0,4660,4,2013,0,0,0,0,0,0,0
246,247,3,2,70,11,2010,1,5,2013,2,5,8,11
247,248,0,2,340,9,2012,1,40,2012,1,4,7,10
248,249,3,2,18010,9,2014,0,0,0,0,0,0,0
249,250,3,0,3520,1,1990,1,18,2012,2,5,8,11
250,251,0,2,340,1,1990,0,0,0,0,0,0,0
251,252,3,2,22330,1,1990,1,5,2010,2,5,8,11
252,253,0,2,250,1,1990,1,5,2013,2,5,8,11
253,254,3,0,330,3,2008,1,1,2012,3,6,9,12
254,255,2,2,4630,3,2011,1,35,2011,2,5,8,11
255,256,0,2,80,9,2005,1,10,2014,3,6,9,12
256,257,0,0,420,12,2012,0,0,0,0,0,0,0
257,258,0,0,27190,7,2010,1,37,2009,1,4,7,10
258,259,1,1,210,1,1990,0,0,0,0,0,0,0
259,260,0,0,540,10,2011,0,0,0,0,0,0,0
260,261,3,2,15340,4,2015,1,39,2009,1,4,7,10
261,262,1,0,1180,5,2013,0,0,0,0,0,0,0
262,263,0,2,1140,5,2013,1,40,2014,1,4,7,10
263,264,0,0,180,3,2014,0,0,0,0,0,0,0
264,265,0,0,4580,1,1990,1,14,2015,1,4,7,10
265,266,0,2,360,3,2014,1,9,2011,3,6,9,12
266,267,2,0,2460,1,2012,0,0,0,0,0,0,0
267,268,0,0,4520,2,2014,0,0,0,0,0,0,0
268,269,0,2,60,6,2015,0,0,0,0,0,0,0
269,270,0,0,1450,7,2014,0,0,0,0,0,0,0
270,271,0,0,420,1,1990,1,14,2011,1,4,7,10
271,272,0,0,16180,7,2003,1,14,2011,1,4,7,10
272,273,0,2,8480,1,1990,0,0,0,0,0,0,0
273,274,1,1,3640,1,1990,1,10,2013,1,4,7,10
274,275,3,0,300,5,2014,1,40,2014,1,4,7,10
275,276,0,0,2960,10,2014,1,36,2013,3,6,9,12
276,277,3,2,7840,1,1990,1,31,2009,2,5,8,11
277,278,0,2,9260,2,2010,0,0,0,0,0,0,0
278,279,3,2,2320,1,1990,1,40,2012,1,4,7,10
279,280,3,2,18640,9,2013,1,10,2014,3,6,9,12
280,281,3,2,6970,9,2011,0,0,0,0,0,0,0
281,282,0,0,1220,12,2010,0,0,0,0,0,0,0
282,283,0,0,2260,1,1990,1,40,2014,1,4,7,10
283,284,3,0,1290,1,1990,1,40,2014,1,4,7,10
284,285,0,0,2410,1,1990,0,0,0,0,0,0,0
285,286,0,0,1460,4,2015,0,0,0,0,0,0,0
286,287,2,0,2740,5,2009,1,40,2014,1,4,7,10
287,288,3,0,800,1,1990,1,14,2011,3,6,9,12
288,289,3,0,6540,12,2007,0,0,0,0,0,0,0
289,290,0,0,4150,5,2001,0,0,0,0,0,0,0
290,291,3,0,2325,1,1990,0,0,0,0,0,0,0
291,292,0,0,1100,6,2009,0,0,0,0,0,0,0
292,293,2,2,140,11,2007,0,0,0,0,0,0,0
293,294,0,0,3150,5,2005,0,0,0,0,0,0,0
294,295,0,0,210,11,2000,1,36,2013,3,6,9,12
295,296,0,0,9580,5,2007,1,45,2014,2,5,8,11
296,297,0,0,2300,9,2010,0,0,0,0,0,0,0
297,298,3,0,19840,7,2009,0,0,0,0,0,0,0
298,299,3,2,38630,9,2012,0,0,0,0,0,0,0
299,300,0,2,120,4,2009,1,1,2012,1,4,7,10
300,301,0,2,4510,3,2015,0,0,0,0,0,0,0
301,302,3,2,2190,12,2007,1,9,2011,3,6,9,12
302,303,0,0,15430,11,2012,1,18,2011,2,5,8,11
303,304,0,0,1950,7,2015,0,0,0,0,0,0,0
304,305,2,2,2470,2,2005,1,31,2013,3,6,9,12
305,306,0,0,5100,4,2007,1,40,2014,1,4,7,10
306,307,0,0,18660,9,2002,0,0,0,0,0,0,0
307,308,0,0,1070,12,2006,1,13,2010,1,4,7,10
308,309,3,0,8740,1,1990,1,37,2009,2,5,8,11
309,310,0,2,2290,1,1990,1,10,2014,3,6,9,12
310,311,0,2,680,7,2005,0,0,0,0,0,0,0
311,312,3,0,11300,3,2012,0,0,0,0,0,0,0
312,313,3,2,14160,1,1990,0,0,0,0,0,0,0
313,314,0,0,3560,10,2001,1,31,2013,2,5,8,11
314,315,0,2,38710,4,2013,0,0,0,0,0,0,0
315,316,3,0,9000,8,2001,0,0,0,0,0,0,0
316,317,3,0,3140,7,2013,1,14,2011,1,4,7,10
317,318,3,2,32330,3,2014,0,0,0,0,0,0,0
318,319,0,2,570,9,2012,1,27,2012,3,6,9,12
319,320,0,2,210,9,2012,0,0,0,0,0,0,0
320,321,2,2,8140,11,2013,1,10,2014,3,6,9,12
321,322,0,0,17500,4,2001,1,37,2009,1,4,7,10
322,323,3,2,8400,4,2012,1,5,2013,2,5,8,11
323,324,0,0,13140,1,1990,1,14,2011,1,4,7,10
324,325,0,2,350,3,2011,1,22,2011,2,5,8,11
325,326,3,0,10070,5,2015,1,31,2013,2,5,8,11
326,327,2,2,1390,12,2004,0,0,0,0,0,0,0
327,328,0,0,3130,7,2002,0,0,0,0,0,0,0
328,329,0,0,1310,6,1990,1,22,2012,3,6,9,12
329,330,0,2,370,1,1990,1,22,2012,3,6,9,12
330,331,0,2,670,1,1990,1,14,2015,1,4,7,10
331,332,0,0,1840,3,2006,0,0,0,0,0,0,0
332,333,0,2,3720,2,2010,0,0,0,0,0,0,0
333,334,3,2,4040,8,2008,1,18,2013,3,6,9,12
334,335,1,0,90,1,1990,1,31,2013,1,4,7,10
335,336,0,0,190,7,2014,0,0,0,0,0,0,0
336,337,3,2,10600,7,2005,1,45,2014,2,5,8,11
337,338,0,2,1590,1,1990,1,37,2009,1,4,7,10
338,339,0,2,2280,1,1990,1,10,2013,3,6,9,12
339,340,0,2,8080,1,1990,0,0,0,0,0,0,0
340,341,0,0,190,9,2011,0,0,0,0,0,0,0
341,342,3,2,15770,1,1990,1,40,2014,1,4,7,10
342,343,3,0,18650,4,2004,1,14,2014,1,4,7,10
343,344,0,2,300,4,2011,1,14,2011,1,4,7,10
344,345,0,0,120,1,1990,1,22,2012,1,4,7,10
345,346,0,2,8090,1,1990,0,0,0,0,0,0,0
346,347,3,2,9360,7,2013,1,22,2012,3,6,9,12
347,348,0,0,16490,1,1990,1,22,2012,1,4,7,10
348,349,2,2,1490,4,2009,0,0,0,0,0,0,0
349,350,3,0,8880,1,1990,1,14,2011,1,4,7,10
350,351,0,0,5290,11,2012,1,5,2013,2,5,8,11
351,352,3,2,6360,1,1990,1,40,2012,3,6,9,12
352,353,1,1,900,1,1990,1,14,2013,2,5,8,11
353,354,3,2,1500,10,2005,0,0,0,0,0,0,0
354,355,0,2,9720,8,2013,0,0,0,0,0,0,0
355,356,3,2,8970,12,2007,1,22,2012,2,5,8,11
356,357,0,0,2060,10,2008,0,0,0,0,0,0,0
357,358,0,0,2890,10,2003,0,0,0,0,0,0,0
358,359,3,2,4370,1,1990,0,0,0,0,0,0,0
359,360,0,0,2040,6,2007,0,0,0,0,0,0,0
360,361,2,2,4490,5,2014,1,5,2013,2,5,8,11
361,362,2,2,340,1,1990,0,0,0,0,0,0,0
362,363,0,0,250,9,2009,0,0,0,0,0,0,0
363,364,0,2,13620,1,1990,1,10,2014,3,6,9,12
364,365,2,0,2410,1,1990,1,45,2009,2,5,8,11
365,366,3,2,6470,12,2004,0,0,0,0,0,0,0
366,367,3,2,2640,9,2012,0,0,0,0,0,0,0
367,368,3,2,1450,4,2005,1,45,2009,2,5,8,11
368,369,3,2,5870,4,2014,0,0,0,0,0,0,0
369,370,3,0,8250,10,2000,1,31,2009,1,4,7,10
370,371,3,2,1970,7,2009,1,45,2014,2,5,8,11
371,372,3,2,4880,8,2010,1,18,2014,1,4,7,10
372,373,3,2,11120,1,1990,1,22,2012,1,4,7,10
373,374,0,0,1150,9,2007,0,0,0,0,0,0,0
374,375,0,2,15710,2,2013,1,37,2009,1,4,7,10
375,376,0,0,160,8,2012,0,0,0,0,0,0,0
376,377,0,2,100,6,2010,1,18,2010,2,5,8,11
377,378,0,2,2140,8,2012,0,0,0,0,0,0,0
378,379,3,0,6630,1,1990,0,0,0,0,0,0,0
379,380,0,0,2240,5,2013,1,10,2014,3,6,9,12
380,381,0,0,1800,11,2006,1,5,2013,2,5,8,11
381,382,2,2,26130,11,2002,0,0,0,0,0,0,0
382,383,0,2,350,1,1990,0,0,0,0,0,0,0
383,384,0,2,130,1,1990,1,14,2011,1,4,7,10
384,385,3,0,4580,9,2007,0,0,0,0,0,0,0
385,386,3,2,1460,4,2014,1,31,2013,1,4,7,10
386,387,2,0,210,1,1990,1,36,2013,3,6,9,12
387,388,0,0,2260,1,1990,0,0,0,0,0,0,0
388,389,0,2,6690,8,2011,0,0,0,0,0,0,0
389,390,0,2,1600,4,2009,0,0,0,0,0,0,0
390,391,0,0,460,11,2014,1,31,2013,2,5,8,11
391,392,0,0,2120,1,1990,0,0,0,0,0,0,0
392,393,3,2,4820,3,2008,0,0,0,0,0,0,0
393,394,3,0,10850,1,1990,0,0,0,0,0,0,0
394,395,0,0,3620,2,2013,0,0,0,0,0,0,0
395,396,0,2,23130,1,1990,0,0,0,0,0,0,0
396,397,0,2,130,1,1990,1,27,2013,2,5,8,11
397,398,2,2,1540,1,1990,1,1,2012,1,4,7,10
398,399,0,0,5360,9,2012,1,40,2011,1,4,7,10
399,400,0,0,70,11,2004,1,14,2011,1,4,7,10
400,401,0,2,9200,10,2009,1,14,2012,1,4,7,10
401,402,2,2,5830,9,2011,1,13,2010,1,4,7,10
402,403,0,0,4970,7,2015,0,0,0,0,0,0,0
403,404,0,2,1420,1,1990,1,10,2013,3,6,9,12
404,405,0,0,1080,4,2008,1,14,2011,1,4,7,10
405,406,3,2,8240,3,2001,1,10,2013,2,5,8,11
406,407,0,0,5890,10,2003,1,14,2011,2,5,8,11
407,408,2,0,1560,1,1990,1,45,2009,2,5,8,11
408,409,3,2,840,1,1990,1,1,2013,1,4,7,10
409,410,2,0,40,11,2011,1,22,2012,3,6,9,12
410,411,3,2,8460,1,1990,0,0,0,0,0,0,0
411,412,3,2,4460,1,1990,1,39,2010,1,4,7,10
412,413,0,2,760,9,2014,0,0,0,0,0,0,0
413,414,3,2,6210,1,1990,1,1,2013,1,4,7,10
414,415,3,2,6910,4,2005,0,0,0,0,0,0,0
415,416,0,2,4650,6,2014,0,0,0,0,0,0,0
416,417,0,2,840,1,1990,1,10,2014,1,4,7,10
417,418,0,0,1060,5,2009,1,27,2011,2,5,8,11
418,419,2,0,1620,9,2009,0,0,0,0,0,0,0
419,420,3,2,250,1,1990,1,27,2012,1,4,7,10
420,421,2,2,3530,6,2012,1,35,2012,3,6,9,12
421,422,0,2,2880,1,1990,0,0,0,0,0,0,0
422,423,1,0,1270,5,2014,0,0,0,0,0,0,0
423,424,3,2,1250,1,1990,1,40,2011,1,4,7,10
424,425,3,2,1460,1,1990,0,0,0,0,0,0,0
425,426,0,0,250,1,1990,0,0,0,0,0,0,0
426,427,0,2,70,7,2005,1,13,2010,1,4,7,10
427,428,3,0,2960,12,2014,1,23,2015,3,6,9,12
428,429,3,2,16350,7,2005,1,31,2013,1,4,7,10
429,430,3,2,12870,10,2008,0,0,0,0,0,0,0
430,431,3,2,4520,1,1990,0,0,0,0,0,0,0
431,432,0,0,810,5,2013,0,0,0,0,0,0,0
432,433,0,2,30030,11,2010,0,0,0,0,0,0,0
433,434,0,0,13020,8,2003,1,40,2014,1,4,7,10
434,435,0,0,910,1,1990,0,0,0,0,0,0,0
435,436,3,0,2300,1,1990,0,0,0,0,0,0,0
436,437,2,2,430,1,1990,1,50,2010,1,4,7,10
437,438,3,2,1110,1,1990,1,40,2012,1,4,7,10
438,439,0,0,1350,9,2009,0,0,0,0,0,0,0
439,440,3,0,3900,4,2005,1,45,2009,2,5,8,11
440,441,3,0,2530,1,1990,0,0,0,0,0,0,0
441,442,2,0,500,1,1990,1,45,2009,2,5,8,11
442,443,3,0,11400,12,2005,0,0,0,0,0,0,0
443,444,2,0,1700,11,2009,0,0,0,0,0,0,0
444,445,0,0,240,1,1990,0,0,0,0,0,0,0
445,446,0,0,340,10,2000,1,31,2013,2,5,8,11
446,447,0,2,1510,9,2013,0,0,0,0,0,0,0
447,448,0,2,3970,9,2009,0,0,0,0,0,0,0
448,449,0,2,120,12,2014,1,37,2009,1,4,7,10
449,450,2,0,5780,11,1994,1,10,2014,3,6,9,12
450,451,0,0,2460,4,2009,1,13,2010,1,4,7,10
451,452,0,2,1850,8,2013,1,5,2011,2,5,8,11
452,453,0,2,75860,1,1990,0,0,0,0,0,0,0
453,454,0,0,26450,1,1990,0,0,0,0,0,0,0
454,455,3,2,7660,9,2010,0,0,0,0,0,0,0
455,456,0,2,140,1,1990,0,0,0,0,0,0,0
456,457,3,2,13140,1,1990,1,31,2013,1,4,7,10
457,458,2,0,3390,1,1990,0,0,0,0,0,0,0
458,459,0,0,250,9,2008,1,5,2013,2,5,8,11
459,460,0,0,34050,4,2008,0,0,0,0,0,0,0
460,461,3,2,1790,7,2013,1,40,2013,1,4,7,10
461,462,0,0,44320,8,2008,0,0,0,0,0,0,0
462,463,0,0,4160,1,1990,0,0,0,0,0,0,0
463,464,2,0,520,3,2009,0,0,0,0,0,0,0
464,465,3,2,10890,4,2005,0,0,0,0,0,0,0
465,466,0,2,3110,3,2003,0,0,0,0,0,0,0
466,467,0,2,20390,4,2008,0,0,0,0,0,0,0
467,468,2,2,5260,9,2012,0,0,0,0,0,0,0
468,469,2,2,710,9,2005,0,0,0,0,0,0,0
469,470,0,2,50,1,1990,0,0,0,0,0,0,0
470,471,3,0,5300,1,1990,1,45,2009,2,5,8,11
471,472,2,2,5030,8,2011,0,0,0,0,0,0,0
472,473,0,0,50,1,1990,0,0,0,0,0,0,0
473,474,2,0,14810,1,1990,1,14,2011,3,6,9,12
474,475,0,0,140,9,2005,0,0,0,0,0,0,0
475,476,3,0,8300,9,2006,0,0,0,0,0,0,0
476,477,3,0,770,7,2010,1,35,2010,1,4,7,10
477,478,3,2,1940,3,2012,0,0,0,0,0,0,0
478,479,0,0,320,12,2005,1,9,2011,2,5,8,11
479,480,0,0,300,11,2012,0,0,0,0,0,0,0
480,481,2,2,7470,1,1990,1,44,2012,2,5,8,11
481,482,2,0,2550,10,2005,0,0,0,0,0,0,0
482,483,0,2,2310,9,2011,1,13,2010,1,4,7,10
483,484,0,2,14300,3,2011,0,0,0,0,0,0,0
484,485,3,2,3270,1,1990,1,22,2012,1,4,7,10
485,486,0,0,2320,1,1990,1,31,2013,1,4,7,10
486,487,3,2,2180,9,2012,1,40,2012,1,4,7,10
487,488,0,2,2890,4,2014,0,0,0,0,0,0,0
488,489,0,0,14960,11,2013,1,37,2009,1,4,7,10
489,490,0,0,660,4,2013,1,40,2014,1,4,7,10
490,491,3,2,4680,1,1990,1,22,2012,3,6,9,12
491,492,0,0,1740,3,2008,1,40,2012,1,4,7,10
492,493,3,2,1150,1,1990,1,14,2011,1,4,7,10
493,494,1,0,1260,6,2011,0,0,0,0,0,0,0
494,495,3,0,5470,1,1990,1,37,2009,1,4,7,10
495,496,3,2,2780,6,2015,0,0,0,0,0,0,0
496,497,0,2,1610,1,1990,0,0,0,0,0,0,0
497,498,0,0,990,1,1990,1,40,2014,1,4,7,10
498,499,2,2,450,1,1990,1,5,2013,2,5,8,11
499,500,3,2,10690,9,2007,1,5,2013,1,4,7,10
500,501,0,2,1620,9,2006,0,0,0,0,0,0,0
501,502,0,0,220,2,2002,1,37,2009,1,4,7,10
502,503,3,2,13080,9,2006,1,14,2011,1,4,7,10
503,504,2,2,820,1,1990,0,0,0,0,0,0,0
504,505,0,0,350,1,1990,1,5,2013,2,5,8,11
505,506,0,0,1850,12,2014,1,18,2011,2,5,8,11
506,507,0,2,9070,4,2011,1,37,2009,1,4,7,10
507,508,0,2,1280,1,1990,1,40,2011,1,4,7,10
508,509,0,0,4740,7,2008,1,37,2009,1,4,7,10
509,510,0,2,8260,1,1990,0,0,0,0,0,0,0
510,511,0,0,2060,9,2009,0,0,0,0,0,0,0
511,512,1,1,590,1,1990,1,5,2013,3,6,9,12
512,513,0,0,400,8,2013,0,0,0,0,0,0,0
513,514,2,2,1200,7,2012,1,27,2012,1,4,7,10
514,515,3,2,11260,1,1990,1,9,2011,2,5,8,11
515,516,0,2,20,1,1990,1,35,2010,3,6,9,12
516,517,0,2,22490,1,1990,0,0,0,0,0,0,0
517,518,3,2,3330,3,2015,1,13,2010,1,4,7,10
518,519,2,2,2510,8,2009,1,1,2012,1,4,7,10
519,520,0,2,6900,1,1990,1,40,2012,3,6,9,12
520,521,3,0,18610,11,2002,1,48,2011,3,6,9,12
521,522,3,2,7160,11,2012,1,9,2011,1,4,7,10
522,523,2,2,50,11,2013,0,0,0,0,0,0,0
523,524,0,2,40860,9,2013,0,0,0,0,0,0,0
524,525,3,2,1870,9,2013,0,0,0,0,0,0,0
525,526,0,0,120,1,1990,1,48,2011,3,6,9,12
526,527,3,2,5830,4,2008,0,0,0,0,0,0,0
527,528,0,2,20620,1,1990,1,37,2009,1,4,7,10
528,529,3,2,12920,9,2012,0,0,0,0,0,0,0
529,530,0,2,18160,1,1990,0,0,0,0,0,0,0
530,531,0,2,4030,1,1990,0,0,0,0,0,0,0
531,532,0,2,1070,8,2010,0,0,0,0,0,0,0
532,533,0,2,5950,1,1990,0,0,0,0,0,0,0
533,534,3,0,1200,9,2009,1,45,2009,1,4,7,10
534,535,0,0,3570,4,2007,0,0,0,0,0,0,0
535,536,0,2,4700,9,2002,1,31,2013,2,5,8,11
536,537,0,0,600,5,2002,1,1,2012,1,4,7,10
537,538,0,0,990,2,2010,0,0,0,0,0,0,0
538,539,0,0,770,5,2013,1,40,2014,1,4,7,10
539,540,3,2,810,1,1990,1,48,2012,1,4,7,10
540,541,0,2,650,7,1990,0,0,0,0,0,0,0
541,542,0,0,7280,9,2012,1,1,2013,1,4,7,10
542,543,2,0,1080,12,2012,0,0,0,0,0,0,0
543,544,0,0,250,12,2001,1,13,2010,1,4,7,10
544,545,0,2,5020,5,2006,1,18,2014,2,5,8,11
545,546,0,0,580,1,2005,0,0,0,0,0,0,0
546,547,3,2,8990,11,2009,1,35,2010,3,6,9,12
547,548,3,2,3760,2,2009,0,0,0,0,0,0,0
548,549,0,2,2330,1,1990,0,0,0,0,0,0,0
549,550,3,2,50,6,2015,0,0,0,0,0,0,0
550,551,0,2,2190,9,2013,0,0,0,0,0,0,0
551,552,0,0,4260,7,2008,1,37,2009,1,4,7,10
552,553,2,0,3040,9,2002,1,13,2010,1,4,7,10
553,554,2,2,1200,1,1990,0,0,0,0,0,0,0
554,555,3,0,1560,1,2014,1,10,2013,3,6,9,12
555,556,3,2,1140,11,2014,0,0,0,0,0,0,0
556,557,0,0,250,1,1990,0,0,0,0,0,0,0
557,558,0,0,3000,2,2010,0,0,0,0,0,0,0
558,559,3,0,3910,11,2006,1,5,2013,2,5,8,11
559,560,2,2,1910,7,2013,0,0,0,0,0,0,0
560,561,3,0,14300,1,1990,0,0,0,0,0,0,0
561,562,1,2,1210,1,1990,0,0,0,0,0,0,0
562,563,0,0,700,3,2015,1,10,2014,1,4,7,10
563,564,3,2,6540,1,1990,1,14,2013,1,4,7,10
564,565,0,2,160,7,2007,0,0,0,0,0,0,0
565,566,0,0,3620,1,1990,1,40,2013,1,4,7,10
566,567,2,0,1010,9,2012,1,18,2011,2,5,8,11
567,568,3,2,4270,1,1990,1,1,2013,1,4,7,10
568,569,0,0,1340,9,2006,0,0,0,0,0,0,0
569,570,0,0,180,11,2006,0,0,0,0,0,0,0
570,571,3,0,2110,11,1995,1,40,2014,1,4,7,10
571,572,3,2,9230,4,2004,1,37,2009,1,4,7,10
572,573,0,0,1190,11,2012,1,36,2013,1,4,7,10
573,574,3,0,4400,1,1990,0,0,0,0,0,0,0
574,575,0,0,960,5,2008,1,13,2010,1,4,7,10
575,576,2,0,50,11,2006,0,0,0,0,0,0,0
576,577,0,2,2270,1,1990,1,35,2012,3,6,9,12
577,578,3,0,12700,4,2013,0,0,0,0,0,0,0
578,579,2,0,20970,11,2012,0,0,0,0,0,0,0
579,580,0,2,170,2,2009,0,0,0,0,0,0,0
580,581,0,0,7250,12,2013,0,0,0,0,0,0,0
581,582,0,0,120,1,1990,0,0,0,0,0,0,0
582,583,0,0,2640,11,2002,0,0,0,0,0,0,0
583,584,3,0,1360,1,1990,1,35,2010,3,6,9,12
584,585,3,2,440,4,2014,0,0,0,0,0,0,0
585,586,0,2,250,10,2008,0,0,0,0,0,0,0
586,587,3,2,330,9,2006,1,14,2011,1,4,7,10
587,588,3,2,15720,3,2010,0,0,0,0,0,0,0
588,589,0,2,360,1,1990,1,18,2013,2,5,8,11
589,590,3,2,4520,9,2010,1,31,2013,1,4,7,10
590,591,0,2,3340,1,1990,1,22,2012,3,6,9,12
591,592,0,0,2540,6,2005,0,0,0,0,0,0,0
592,593,0,2,33060,3,2010,0,0,0,0,0,0,0
593,594,0,0,1790,10,2011,0,0,0,0,0,0,0
594,595,2,2,1130,6,2015,0,0,0,0,0,0,0
595,596,2,0,290,9,2006,0,0,0,0,0,0,0
596,597,0,0,150,9,2008,1,1,2012,3,6,9,12
597,598,2,0,550,12,2013,1,40,2014,1,4,7,10
598,599,3,2,580,11,2014,0,0,0,0,0,0,0
599,600,3,2,17340,6,2010,1,9,2011,2,5,8,11
600,601,3,0,8220,4,2014,1,14,2011,1,4,7,10
601,602,0,0,2710,7,2001,1,22,2012,3,6,9,12
602,603,0,0,340,4,2007,1,13,2010,1,4,7,10
603,604,3,0,10950,3,2014,0,0,0,0,0,0,0
604,605,3,0,10310,4,2003,1,37,2009,1,4,7,10
605,606,0,0,2260,11,2007,0,0,0,0,0,0,0
606,607,0,0,350,8,1999,1,14,2011,1,4,7,10
607,608,0,2,18370,2,2013,1,14,2011,1,4,7,10
608,609,0,0,2070,9,2007,0,0,0,0,0,0,0
609,610,0,0,660,1,2007,0,0,0,0,0,0,0
610,611,0,0,8080,12,2002,1,40,2014,1,4,7,10
611,612,3,2,2490,11,2012,1,31,2009,1,4,7,10
612,613,2,0,250,6,2007,1,14,2011,1,4,7,10
613,614,0,0,1160,12,2012,0,0,0,0,0,0,0
614,615,3,0,730,8,2007,0,0,0,0,0,0,0
615,616,0,2,3040,8,2011,1,35,2010,3,6,9,12
616,617,0,2,8940,1,1990,1,9,2011,1,4,7,10
617,618,3,2,9910,1,1990,0,0,0,0,0,0,0
618,619,0,0,1600,6,2006,1,45,2009,2,5,8,11
619,620,3,2,5440,1,1990,1,40,2014,1,4,7,10
620,621,0,0,30,7,2002,0,0,0,0,0,0,0
621,622,0,2,2325,1,1990,0,0,0,0,0,0,0
622,623,0,0,4080,3,2011,1,13,2010,1,4,7,10
623,624,0,2,6920,9,2011,0,0,0,0,0,0,0
624,625,0,0,1170,4,2011,1,22,2012,2,5,8,11
625,626,2,2,10740,11,2013,0,0,0,0,0,0,0
626,627,2,2,3970,3,2010,0,0,0,0,0,0,0
627,628,0,2,2180,1,1990,0,0,0,0,0,0,0
628,629,3,0,510,7,2014,1,23,2015,3,6,9,12
629,630,0,0,1690,4,2015,0,0,0,0,0,0,0
630,631,3,2,2870,1,1990,1,35,2012,3,6,9,12
631,632,0,0,3350,2,2010,0,0,0,0,0,0,0
632,633,3,0,11640,4,2005,1,22,2011,1,4,7,10
633,634,3,0,18610,1,1990,0,0,0,0,0,0,0
634,635,0,0,27530,4,2014,0,0,0,0,0,0,0
635,636,2,0,720,10,2004,1,13,2010,1,4,7,10
636,637,3,2,9790,1,1990,1,31,2009,2,5,8,11
637,638,3,0,10170,11,2001,0,0,0,0,0,0,0
638,639,0,0,7780,11,2006,0,0,0,0,0,0,0
639,640,3,2,8040,1,1990,0,0,0,0,0,0,0
640,641,0,2,610,12,2003,1,36,2013,3,6,9,12
641,642,2,2,530,4,2005,1,35,2010,3,6,9,12
642,643,0,0,230,6,2010,1,18,2010,2,5,8,11
643,644,2,0,4030,12,2004,1,14,2011,1,4,7,10
644,645,0,0,90,1,1990,1,45,2009,2,5,8,11
645,646,0,0,620,9,2014,0,0,0,0,0,0,0
646,647,0,2,7420,4,2013,0,0,0,0,0,0,0
647,648,3,0,2130,12,2008,0,0,0,0,0,0,0
648,649,0,0,14570,11,2002,0,0,0,0,0,0,0
649,650,0,0,1420,10,2012,1,40,2014,1,4,7,10
650,651,0,0,200,1,1990,0,0,0,0,0,0,0
651,652,0,0,20390,1,1990,0,0,0,0,0,0,0
652,653,3,2,7520,7,2014,1,45,2009,2,5,8,11
653,654,2,0,6930,9,2006,0,0,0,0,0,0,0
654,655,3,2,960,11,2012,1,5,2013,2,5,8,11
655,656,3,0,410,4,2009,1,13,2010,1,4,7,10
656,657,2,2,80,1,2006,1,10,2014,1,4,7,10
657,658,3,2,520,1,1990,1,37,2009,1,4,7,10
658,659,3,0,1590,3,2012,0,0,0,0,0,0,0
659,660,0,0,1200,11,2006,1,40,2014,1,4,7,10
660,661,3,2,2140,7,2013,0,0,0,0,0,0,0
661,662,3,0,1070,1,1990,0,0,0,0,0,0,0
662,663,0,2,7860,5,2005,0,0,0,0,0,0,0
663,664,3,2,1680,10,2005,0,0,0,0,0,0,0
664,665,0,0,90,12,2012,1,14,2011,1,4,7,10
665,666,2,2,2700,1,1990,1,9,2011,3,6,9,12
666,667,3,2,2870,9,2012,0,0,0,0,0,0,0
667,668,2,0,1270,9,2010,0,0,0,0,0,0,0
668,669,3,0,17080,7,2012,1,31,2013,1,4,7,10
669,670,0,0,2060,1,1990,1,45,2009,2,5,8,11
670,671,0,2,2070,2,2008,1,39,2010,1,4,7,10
671,672,2,0,240,9,2002,0,0,0,0,0,0,0
672,673,3,2,15170,1,1990,1,5,2013,2,5,8,11
673,674,0,0,2640,12,2005,1,31,2013,2,5,8,11
674,675,0,0,2100,8,2013,1,14,2011,1,4,7,10
675,676,1,1,1410,9,2008,0,0,0,0,0,0,0
676,677,3,0,1740,6,2014,1,45,2009,2,5,8,11
677,678,2,0,3250,1,1990,1,40,2011,1,4,7,10
678,679,0,0,4140,9,2012,0,0,0,0,0,0,0
679,680,2,0,170,1,1990,1,35,2012,3,6,9,12
680,681,0,2,620,1,1990,1,1,2014,3,6,9,12
681,682,1,0,150,9,2006,0,0,0,0,0,0,0
682,683,0,0,2850,7,2014,0,0,0,0,0,0,0
683,684,3,2,680,1,1990,1,22,2012,1,4,7,10
684,685,0,0,650,11,2013,1,37,2009,1,4,7,10
685,686,0,0,20050,4,2002,0,0,0,0,0,0,0
686,687,3,2,2770,1,1990,0,0,0,0,0,0,0
687,688,0,0,18760,8,2015,1,14,2011,1,4,7,10
688,689,3,0,15040,10,2004,0,0,0,0,0,0,0
689,690,0,0,100,1,1990,0,0,0,0,0,0,0
690,691,3,2,3030,1,1990,1,37,2009,1,4,7,10
691,692,0,0,40,8,2001,0,0,0,0,0,0,0
692,693,3,0,450,1,1990,1,40,2011,1,4,7,10
693,694,0,2,460,11,2012,1,40,2014,1,4,7,10
694,695,0,0,550,7,2011,1,1,2012,1,4,7,10
695,696,0,2,430,1,1990,0,0,0,0,0,0,0
696,697,3,0,3780,1,1990,1,40,2011,1,4,7,10
697,698,0,0,1790,5,2011,0,0,0,0,0,0,0
698,699,0,0,180,1,1990,1,5,2013,1,4,7,10
699,700,0,2,830,1,1990,1,27,2013,1,4,7,10
700,701,3,0,1450,3,2012,1,14,2011,1,4,7,10
701,702,0,0,8550,9,2001,1,45,2009,2,5,8,11
702,703,0,0,80,6,2005,0,0,0,0,0,0,0
703,704,3,2,1910,4,2009,0,0,0,0,0,0,0
704,705,0,0,4140,9,2012,1,18,2011,2,5,8,11
705,706,3,0,7830,9,2014,1,10,2014,3,6,9,12
706,707,0,2,2900,7,1990,0,0,0,0,0,0,0
707,708,2,2,11470,10,2009,1,18,2014,1,4,7,10
708,709,0,0,500,12,2010,0,0,0,0,0,0,0
709,710,3,0,1500,9,2008,1,14,2011,1,4,7,10
710,711,3,0,17110,3,2007,1,5,2010,1,4,7,10
711,712,0,0,4870,9,2007,1,45,2009,1,4,7,10
712,713,0,2,220,1,1990,1,10,2014,1,4,7,10
713,714,3,2,12070,10,2005,1,10,2013,1,4,7,10
714,715,0,0,14810,6,2014,0,0,0,0,0,0,0
715,716,3,0,3200,1,2008,1,22,2011,1,4,7,10
716,717,3,2,310,1,1990,1,40,2011,1,4,7,10
717,718,0,0,1100,6,2015,0,0,0,0,0,0,0
718,719,2,2,8190,1,1990,1,45,2009,2,5,8,11
719,720,0,2,15320,3,2011,1,14,2013,2,5,8,11
720,721,0,2,3590,9,2012,1,22,2012,3,6,9,12
721,722,0,0,50,1,1990,0,0,0,0,0,0,0
722,723,3,2,5650,9,2008,1,5,2013,2,5,8,11
723,724,3,2,5900,1,1990,0,0,0,0,0,0,0
724,725,3,2,17540,6,2012,0,0,0,0,0,0,0
725,726,0,2,40540,2,2002,0,0,0,0,0,0,0
726,727,0,0,2050,3,2007,0,0,0,0,0,0,0
727,728,3,0,13990,1,1990,1,14,2011,1,4,7,10
728,729,2,2,8980,6,2011,0,0,0,0,0,0,0
729,730,2,0,1190,9,2013,0,0,0,0,0,0,0
730,731,0,0,15270,1,1990,1,10,2014,1,4,7,10
731,732,0,2,35280,1,1990,0,0,0,0,0,0,0
732,733,1,1,860,10,1999,0,0,0,0,0,0,0
733,734,0,0,220,1,1990,1,36,2013,3,6,9,12
734,735,3,2,1920,4,2005,0,0,0,0,0,0,0
735,736,2,2,1650,1,1990,1,14,2011,1,4,7,10
736,737,0,0,100,5,2007,1,31,2013,1,4,7,10
737,738,3,2,5980,10,2005,0,0,0,0,0,0,0
738,739,3,2,2770,6,2008,1,22,2011,1,4,7,10
739,740,3,0,6400,3,2014,0,0,0,0,0,0,0
740,741,3,2,11900,1,1990,0,0,0,0,0,0,0
741,742,3,2,4380,1,1990,0,0,0,0,0,0,0
742,743,0,0,6710,11,2003,1,14,2012,1,4,7,10
743,744,0,0,1370,12,2011,1,40,2014,1,4,7,10
744,745,0,0,17650,11,2013,1,37,2009,1,4,7,10
745,746,3,2,4330,2,2011,1,35,2011,3,6,9,12
746,747,2,2,45740,8,2008,0,0,0,0,0,0,0
747,748,3,0,2380,3,2010,1,14,2011,1,4,7,10
748,749,0,0,3410,8,2011,1,14,2015,1,4,7,10
749,750,3,0,8670,2,2002,1,14,2011,1,4,7,10
750,751,0,0,650,10,2006,0,0,0,0,0,0,0
751,752,0,0,970,3,2013,1,31,2013,2,5,8,11
752,753,3,2,540,11,2012,1,35,2010,3,6,9,12
753,754,2,2,380,5,2008,1,10,2014,3,6,9,12
754,755,3,2,13130,12,2003,0,0,0,0,0,0,0
755,756,0,2,50,1,1990,1,40,2011,1,4,7,10
756,757,0,2,3450,1,1990,0,0,0,0,0,0,0
757,758,0,2,19780,6,2008,0,0,0,0,0,0,0
758,759,0,0,110,11,2012,1,31,2013,2,5,8,11
759,760,0,0,560,1,2011,0,0,0,0,0,0,0
760,761,0,0,2390,9,2012,0,0,0,0,0,0,0
761,762,3,2,1280,1,1990,1,10,2013,3,6,9,12
762,763,3,2,32240,3,2010,0,0,0,0,0,0,0
763,764,0,2,26490,1,1990,1,10,2014,3,6,9,12
764,765,0,2,25430,5,1999,1,37,2009,1,4,7,10
765,766,3,2,9820,1,1990,0,0,0,0,0,0,0
766,767,0,2,13080,1,1990,0,0,0,0,0,0,0
767,768,0,2,2630,9,2012,0,0,0,0,0,0,0
768,769,1,1,840,1,1990,1,48,2012,1,4,7,10
769,770,0,2,100,4,2015,0,0,0,0,0,0,0
770,771,0,0,20640,9,2007,0,0,0,0,0,0,0
771,772,3,2,1850,1,1990,0,0,0,0,0,0,0
772,773,0,0,200,1,1990,0,0,0,0,0,0,0
773,774,0,2,640,9,2013,0,0,0,0,0,0,0
774,775,3,2,6970,12,2005,1,22,2011,1,4,7,10
775,776,2,0,700,4,2009,1,14,2011,1,4,7,10
776,777,3,2,8250,10,2004,1,10,2013,3,6,9,12
777,778,0,0,340,6,2003,1,40,2014,1,4,7,10
778,779,0,0,16990,4,2004,0,0,0,0,0,0,0
779,780,0,0,18160,1,1990,0,0,0,0,0,0,0
780,781,0,0,630,4,2007,0,0,0,0,0,0,0
781,782,2,2,5390,8,2003,1,1,2012,1,4,7,10
782,783,3,2,15490,1,1990,0,0,0,0,0,0,0
783,784,0,0,560,10,2014,1,10,2014,1,4,7,10
784,785,3,2,970,7,2005,1,31,2013,2,5,8,11
785,786,0,0,290,11,2006,1,5,2013,2,5,8,11
786,787,2,2,3210,6,2009,0,0,0,0,0,0,0
787,788,0,2,1530,3,2013,0,0,0,0,0,0,0
788,789,0,2,9770,7,2003,0,0,0,0,0,0,0
789,790,3,2,9070,12,2003,0,0,0,0,0,0,0
790,791,0,0,5950,4,2007,0,0,0,0,0,0,0
791,792,3,0,17280,10,2009,1,18,2011,2,5,8,11
792,793,3,0,2710,7,2006,0,0,0,0,0,0,0
793,794,2,2,5090,9,2006,0,0,0,0,0,0,0
794,795,3,0,510,1,1990,1,35,2010,3,6,9,12
795,796,0,2,7180,11,2012,0,0,0,0,0,0,0
796,797,0,0,2090,10,2012,1,40,2014,1,4,7,10
797,798,0,0,9560,4,2001,0,0,0,0,0,0,0
798,799,0,2,2700,1,1990,0,0,0,0,0,0,0
799,800,3,0,2020,7,2014,0,0,0,0,0,0,0
800,801,3,0,48330,4,2013,0,0,0,0,0,0,0
801,802,0,2,910,1,1990,1,22,2011,2,5,8,11
802,803,3,0,1760,1,1990,1,10,2014,3,6,9,12
803,804,2,2,2100,1,1990,1,1,2013,1,4,7,10
804,805,3,0,24770,10,2011,1,10,2014,3,6,9,12
805,806,3,0,260,1,1990,1,44,2010,2,5,8,11
806,807,0,0,3870,4,2008,0,0,0,0,0,0,0
807,808,0,0,18620,1,1990,1,31,2009,2,5,8,11
808,809,0,0,12770,10,2000,0,0,0,0,0,0,0
809,810,3,2,9640,11,2013,0,0,0,0,0,0,0
810,811,0,0,410,9,2012,0,0,0,0,0,0,0
811,812,3,0,2590,9,2012,0,0,0,0,0,0,0
812,813,0,0,1560,9,2003,0,0,0,0,0,0,0
813,814,3,2,24530,7,2013,0,0,0,0,0,0,0
814,815,0,0,590,1,1900,1,40,2014,1,4,7,10
815,816,2,2,460,1,1990,0,0,0,0,0,0,0
816,817,0,0,140,3,2006,0,0,0,0,0,0,0
817,818,3,0,490,1,1990,1,35,2010,3,6,9,12
818,819,0,2,720,10,2014,0,0,0,0,0,0,0
819,820,0,2,1650,1,1990,1,40,2014,1,4,7,10
820,821,0,0,1700,9,2009,0,0,0,0,0,0,0
821,822,0,2,410,11,2010,1,48,2010,3,6,9,12
822,823,0,2,16210,11,2010,0,0,0,0,0,0,0
823,824,0,0,17570,1,1990,0,0,0,0,0,0,0
824,825,0,0,380,5,2011,1,40,2014,1,4,7,10
825,826,0,2,7980,6,2005,0,0,0,0,0,0,0
826,827,0,2,250,1,2005,0,0,0,0,0,0,0
827,828,3,2,3290,12,2014,0,0,0,0,0,0,0
828,829,2,0,110,1,1990,0,0,0,0,0,0,0
829,830,0,2,6320,1,1990,1,5,2011,1,4,7,10
830,831,0,0,800,6,2007,0,0,0,0,0,0,0
831,832,3,0,5070,1,1990,1,45,2009,2,5,8,11
832,833,3,2,3290,12,1999,1,35,2010,3,6,9,12
833,834,0,0,3470,3,2012,0,0,0,0,0,0,0
834,835,0,0,2890,12,2007,1,10,2014,3,6,9,12
835,836,0,0,2720,9,2012,0,0,0,0,0,0,0
836,837,0,2,14600,4,2015,0,0,0,0,0,0,0
837,838,3,2,6890,1,1990,1,48,2011,3,6,9,12
838,839,2,0,240,1,2015,0,0,0,0,0,0,0
839,840,0,0,1070,9,2009,0,0,0,0,0,0,0
840,841,0,0,27650,8,2004,0,0,0,0,0,0,0
841,842,3,2,1200,11,2007,0,0,0,0,0,0,0
842,843,2,0,60,4,2006,0,0,0,0,0,0,0
843,844,0,0,2030,9,2012,1,18,2011,2,5,8,11
844,845,3,0,7860,11,2005,1,14,2011,1,4,7,10
845,846,0,2,8860,4,2004,1,37,2009,1,4,7,10
846,847,2,2,190,1,1990,1,31,2013,2,5,8,11
847,848,0,2,370,7,2007,1,14,2011,1,4,7,10
848,849,2,2,5000,1,1990,0,0,0,0,0,0,0
849,850,3,0,1120,5,2007,1,31,2013,1,4,7,10
850,851,3,2,2330,1,1990,1,49,2014,3,6,9,12
851,852,2,0,940,4,2004,1,14,2011,1,4,7,10
852,853,0,0,14040,1,1990,0,0,0,0,0,0,0
853,854,2,0,4770,1,1990,1,13,2010,1,4,7,10
854,855,0,0,3440,1,1990,1,45,2009,2,5,8,11
855,856,0,0,3020,2,2010,0,0,0,0,0,0,0
856,857,2,0,6270,8,2005,1,23,2014,3,6,9,12
857,858,0,0,3370,12,2008,1,40,2014,1,4,7,10
858,859,2,0,21770,7,2015,0,0,0,0,0,0,0
859,860,2,2,5980,2,2010,0,0,0,0,0,0,0
860,861,2,2,740,1,1990,1,14,2013,3,6,9,12
861,862,0,2,2840,3,2010,1,14,2011,1,4,7,10
862,863,0,2,21370,11,2010,0,0,0,0,0,0,0
863,864,0,0,1020,10,2012,1,45,2009,2,5,8,11
864,865,3,2,2640,1,1990,0,0,0,0,0,0,0
865,866,3,0,9680,1,1990,1,5,2013,2,5,8,11
866,867,3,2,21810,9,2012,0,0,0,0,0,0,0
867,868,3,2,1360,8,2005,1,10,2014,1,4,7,10
868,869,2,0,230,10,2001,1,14,2011,1,4,7,10
869,870,0,0,780,4,2009,0,0,0,0,0,0,0
870,871,3,2,10620,1,1990,0,0,0,0,0,0,0
871,872,0,2,3860,9,2014,1,23,2015,3,6,9,12
872,873,0,0,2040,11,2008,0,0,0,0,0,0,0
873,874,0,0,3210,1,1990,0,0,0,0,0,0,0
874,875,3,0,5070,11,2007,1,18,2015,2,5,8,11
875,876,0,0,21790,4,2005,1,18,2015,2,5,8,11
876,877,0,2,29190,1,1990,0,0,0,0,0,0,0
877,878,3,2,1100,12,2014,0,0,0,0,0,0,0
878,879,3,0,2325,1,1990,1,5,2013,2,5,8,11
879,880,0,2,4570,1,1990,0,0,0,0,0,0,0
880,881,0,0,180,3,2008,1,31,2013,2,5,8,11
881,882,0,0,30,4,2013,0,0,0,0,0,0,0
882,883,0,0,3200,6,2005,0,0,0,0,0,0,0
883,884,3,2,7550,1,1990,0,0,0,0,0,0,0
884,885,0,0,480,12,2005,0,0,0,0,0,0,0
885,886,0,2,12430,10,2004,0,0,0,0,0,0,0
886,887,3,0,19700,1,1990,1,37,2009,1,4,7,10
887,888,3,0,4450,6,2012,1,35,2012,3,6,9,12
888,889,3,0,18670,12,2005,0,0,0,0,0,0,0
889,890,0,0,4450,1,1990,1,14,2011,1,4,7,10
890,891,0,2,350,1,1990,1,31,2013,2,5,8,11
891,892,0,0,19370,4,2002,0,0,0,0,0,0,0
892,893,0,0,130,1,1990,1,1,2013,1,4,7,10
893,894,0,0,190,11,2012,0,0,0,0,0,0,0
894,895,0,2,4150,1,1990,0,0,0,0,0,0,0
895,896,0,2,170,9,2012,0,0,0,0,0,0,0
896,897,2,2,3290,1,2007,1,5,2013,2,5,8,11
897,898,0,0,18540,1,1990,0,0,0,0,0,0,0
898,899,3,0,2590,1,1990,1,13,2010,1,4,7,10
899,900,0,0,3920,4,2005,1,40,2014,1,4,7,10
900,901,0,2,3170,4,2014,0,0,0,0,0,0,0
901,902,0,0,310,5,2015,1,40,2014,1,4,7,10
902,903,3,2,7290,9,2014,0,0,0,0,0,0,0
903,904,3,2,570,7,2013,1,14,2011,1,4,7,10
904,905,0,0,90,6,2014,0,0,0,0,0,0,0
905,906,0,0,90,7,2010,0,0,0,0,0,0,0
906,907,0,2,250,1,1990,0,0,0,0,0,0,0
907,908,0,0,1980,7,2010,1,37,2009,1,4,7,10
908,909,0,2,1680,1,1990,1,45,2009,2,5,8,11
909,910,3,2,12480,1,1990,1,1,2013,1,4,7,10
910,911,0,2,16490,1,1990,0,0,0,0,0,0,0
911,912,2,2,3100,5,2010,0,0,0,0,0,0,0
912,913,0,0,280,1,1990,0,0,0,0,0,0,0
913,914,2,2,2640,4,2011,1,22,2012,3,6,9,12
914,915,3,2,650,3,2013,1,40,2014,1,4,7,10
915,916,0,0,90,11,2012,0,0,0,0,0,0,0
916,917,0,0,7240,2,2010,0,0,0,0,0,0,0
917,918,0,2,18710,4,2015,0,0,0,0,0,0,0
918,919,0,0,2620,1,1990,1,45,2009,2,5,8,11
919,920,0,0,850,2,2012,1,40,2014,1,4,7,10
920,921,0,0,840,9,2006,0,0,0,0,0,0,0
921,922,3,0,2110,3,2006,0,0,0,0,0,0,0
922,923,0,0,280,9,2008,0,0,0,0,0,0,0
923,924,0,0,6420,4,2011,1,1,2012,1,4,7,10
924,925,2,0,470,3,2007,1,1,2012,1,4,7,10
925,926,3,2,5150,3,2011,1,13,2010,1,4,7,10
926,927,0,0,480,1,1990,0,0,0,0,0,0,0
927,928,3,2,1090,1,1990,1,31,2013,2,5,8,11
928,929,0,2,4820,9,2013,0,0,0,0,0,0,0
929,930,0,0,70,1,1990,0,0,0,0,0,0,0
930,931,0,2,1480,9,2011,1,1,2012,1,4,7,10
931,932,0,0,15700,1,1990,1,13,2010,1,4,7,10
932,933,0,2,6270,2,2005,0,0,0,0,0,0,0
933,934,0,2,5460,1,1990,1,14,2011,1,4,7,10
934,935,0,2,22350,6,2010,0,0,0,0,0,0,0
935,936,0,0,580,2,2008,0,0,0,0,0,0,0
936,937,3,0,2810,1,1990,1,10,2014,1,4,7,10
937,938,0,0,2820,9,2009,0,0,0,0,0,0,0
938,939,3,0,1340,1,1990,0,0,0,0,0,0,0
939,940,3,2,6470,9,2012,0,0,0,0,0,0,0
940,941,0,0,1200,12,2011,1,31,2013,1,4,7,10
941,942,3,2,6860,1,1990,1,18,2011,1,4,7,10
942,943,3,2,18020,1,1990,0,0,0,0,0,0,0
943,944,2,0,1670,7,2015,0,0,0,0,0,0,0
944,945,0,2,12480,3,2011,0,0,0,0,0,0,0
945,946,0,0,2220,12,2011,1,14,2015,1,4,7,10
946,947,0,0,460,3,2014,1,13,2010,1,4,7,10
947,948,1,1,1430,1,1990,0,0,0,0,0,0,0
948,949,0,0,870,3,2006,0,0,0,0,0,0,0
949,950,0,0,8460,11,1994,0,0,0,0,0,0,0
950,951,3,2,710,1,1990,1,40,2011,1,4,7,10
951,952,3,2,6300,10,2013,0,0,0,0,0,0,0
952,953,0,0,19830,4,2006,1,22,2011,3,6,9,12
953,954,0,0,390,2,2013,1,10,2014,1,4,7,10
954,955,3,2,1690,7,2009,1,36,2013,3,6,9,12
955,956,0,0,2330,10,2014,1,18,2011,2,5,8,11
956,957,3,2,1420,11,2012,0,0,0,0,0,0,0
957,958,0,0,440,11,2013,0,0,0,0,0,0,0
958,959,0,2,1060,12,2005,0,0,0,0,0,0,0
959,960,3,0,8990,1,1990,1,31,2009,2,5,8,11
960,961,3,2,9430,1,1990,0,0,0,0,0,0,0
961,962,2,0,260,1,1990,0,0,0,0,0,0,0
962,963,0,2,23620,11,2013,0,0,0,0,0,0,0
963,964,0,0,270,1,1990,1,5,2013,2,5,8,11
964,965,0,2,110,1,1990,0,0,0,0,0,0,0
965,966,0,0,760,2,2008,0,0,0,0,0,0,0
966,967,0,2,3560,9,2013,1,36,2013,1,4,7,10
967,968,2,0,1190,1,1990,0,0,0,0,0,0,0
968,969,0,2,600,11,1999,1,10,2013,1,4,7,10
969,970,0,0,910,12,2014,1,37,2009,1,4,7,10
970,971,2,0,1140,5,2011,1,14,2012,3,6,9,12
971,972,0,0,14960,1,1990,0,0,0,0,0,0,0
972,973,3,2,330,1,1990,1,28,2012,1,4,7,10
973,974,0,0,150,3,2011,1,40,2014,1,4,7,10
974,975,0,2,9630,1,1990,1,14,2011,1,4,7,10
975,976,0,0,4180,1,1990,0,0,0,0,0,0,0
976,977,0,0,520,9,2005,1,13,2010,1,4,7,10
977,978,2,2,3890,1,1990,0,0,0,0,0,0,0
978,979,0,2,2270,11,2005,1,14,2011,1,4,7,10
979,980,0,0,4420,9,2005,0,0,0,0,0,0,0
980,981,3,2,2620,11,2002,0,0,0,0,0,0,0
981,982,3,0,21930,1,1990,0,0,0,0,0,0,0
982,983,0,0,40,3,2014,1,1,2014,1,4,7,10
983,984,2,0,440,1,1990,1,1,2013,1,4,7,10
984,985,2,2,490,5,2007,1,13,2010,1,4,7,10
985,986,0,0,620,10,2014,1,18,2014,2,5,8,11
986,987,2,0,1690,6,2007,0,0,0,0,0,0,0
987,988,0,0,30,11,2012,0,0,0,0,0,0,0
988,989,0,0,1640,6,2006,1,40,2011,1,4,7,10
989,990,3,0,20930,1,1990,0,0,0,0,0,0,0
990,991,0,0,1010,1,1990,0,0,0,0,0,0,0
991,992,0,0,2480,7,1990,0,0,0,0,0,0,0
992,993,3,2,3460,10,2013,1,10,2014,1,4,7,10
993,994,0,0,2290,7,2011,1,1,2012,1,4,7,10
994,995,3,0,6560,12,2013,0,0,0,0,0,0,0
995,996,2,0,2870,7,2015,1,13,2010,1,4,7,10
996,997,3,2,5840,7,2010,1,37,2009,1,4,7,10
997,998,0,0,780,9,2005,1,5,2013,2,5,8,11
998,999,3,2,15140,2,2002,1,37,2009,1,4,7,10
999,1000,0,2,2230,5,2009,1,40,2014,1,4,7,10
1000,1001,2,0,19640,1,1990,1,14,2011,1,4,7,10
1001,1002,3,2,1130,11,2008,0,0,0,0,0,0,0
1002,1003,0,0,170,7,2013,1,27,2013,1,4,7,10
1003,1004,3,2,970,1,1990,1,9,2011,3,6,9,12
1004,1005,0,0,6480,1,1990,0,0,0,0,0,0,0
1005,1006,2,2,3890,11,2006,1,5,2013,2,5,8,11
1006,1007,2,2,4180,9,2012,0,0,0,0,0,0,0
1007,1008,0,2,30,9,2010,0,0,0,0,0,0,0
1008,1009,0,0,230,7,2004,1,10,2014,1,4,7,10
1009,1010,3,2,4610,6,2010,1,18,2010,2,5,8,11
1010,1011,0,2,490,9,2012,1,18,2011,2,5,8,11
1011,1012,3,2,6330,6,2004,1,39,2010,1,4,7,10
1012,1013,0,0,630,2,2015,1,31,2013,2,5,8,11
1013,1014,0,2,210,1,1990,1,31,2013,1,4,7,10
1014,1015,3,2,9910,12,2010,1,9,2011,3,6,9,12
1015,1016,2,2,550,1,1990,1,35,2010,3,6,9,12
1016,1017,2,0,110,11,2008,0,0,0,0,0,0,0
1017,1018,2,2,140,9,2012,0,0,0,0,0,0,0
1018,1019,3,2,2740,7,2014,1,13,2010,1,4,7,10
1019,1020,0,0,40,8,2015,0,0,0,0,0,0,0
1020,1021,0,0,1080,5,2011,0,0,0,0,0,0,0
1021,1022,0,2,1520,1,1990,0,0,0,0,0,0,0
1022,1023,2,0,3740,2,2002,1,14,2011,1,4,7,10
1023,1024,2,2,1990,1,2012,0,0,0,0,0,0,0
1024,1025,0,0,720,11,2009,0,0,0,0,0,0,0
1025,1026,2,0,450,6,2011,1,48,2012,3,6,9,12
1026,1027,0,2,190,6,2008,1,40,2011,1,4,7,10
1027,1028,0,0,150,1,1990,1,31,2013,1,4,7,10
1028,1029,0,0,1590,3,2006,0,0,0,0,0,0,0
1029,1030,0,0,36410,4,2008,0,0,0,0,0,0,0
1030,1031,3,0,590,5,2001,0,0,0,0,0,0,0
1031,1032,3,2,270,2,2013,1,40,2012,1,4,7,10
1032,1033,0,0,7680,3,2006,0,0,0,0,0,0,0
1033,1034,0,0,13750,4,2015,0,0,0,0,0,0,0
1034,1035,0,0,27150,1,1990,0,0,0,0,0,0,0
1035,1036,3,2,9560,1,1990,1,36,2013,1,4,7,10
1036,1037,0,2,150,1,1990,0,0,0,0,0,0,0
1037,1038,3,0,17290,10,2013,0,0,0,0,0,0,0
1038,1039,0,2,70,6,1990,1,22,2012,3,6,9,12
1039,1040,0,0,4030,2,2013,1,10,2014,1,4,7,10
1040,1041,2,0,1600,8,2013,1,40,2014,1,4,7,10
1041,1042,0,0,3440,1,1990,1,31,2013,2,5,8,11
1042,1043,2,0,420,3,2006,0,0,0,0,0,0,0
1043,1044,2,0,240,4,2015,1,13,2010,1,4,7,10
1044,1045,0,2,26990,12,2013,0,0,0,0,0,0,0
1045,1046,3,2,29070,4,2005,0,0,0,0,0,0,0
1046,1047,0,0,3750,1,1990,1,45,2009,2,5,8,11
1047,1048,3,2,1860,9,2012,1,40,2012,1,4,7,10
1048,1049,0,0,370,7,2012,1,14,2011,1,4,7,10
1049,1050,3,2,13170,8,2014,1,9,2011,3,6,9,12
1050,1051,2,0,200,7,1998,1,1,2012,1,4,7,10
1051,1052,0,2,5080,1,1990,1,31,2013,2,5,8,11
1052,1053,0,0,1710,7,2015,0,0,0,0,0,0,0
1053,1054,0,2,13190,1,1990,1,45,2013,2,5,8,11
1054,1055,2,0,1980,4,2009,0,0,0,0,0,0,0
1055,1056,3,2,5350,1,1990,1,40,2012,1,4,7,10
1056,1057,3,2,3230,11,2011,0,0,0,0,0,0,0
1057,1058,0,2,180,1,1990,1,35,2010,3,6,9,12
1058,1059,2,0,3380,4,2013,0,0,0,0,0,0,0
1059,1060,0,2,3430,1,1990,1,31,2013,2,5,8,11
1060,1061,3,2,8110,1,1990,0,0,0,0,0,0,0
1061,1062,3,0,190,9,2012,1,40,2012,2,5,8,11
1062,1063,0,2,6250,1,1990,0,0,0,0,0,0,0
1063,1064,0,2,420,1,1990,0,0,0,0,0,0,0
1064,1065,0,0,1290,1,1990,1,35,2011,3,6,9,12
1065,1066,0,0,3350,1,1990,0,0,0,0,0,0,0
1066,1067,3,2,12020,7,2009,0,0,0,0,0,0,0
1067,1068,3,2,5010,1,1990,1,5,2013,1,4,7,10
1068,1069,0,2,18050,1,1990,1,14,2011,1,4,7,10
1069,1070,2,2,400,10,2008,0,0,0,0,0,0,0
1070,1071,0,0,820,3,2012,1,35,2012,3,6,9,12
1071,1072,0,2,5380,8,2015,1,5,2010,2,5,8,11
1072,1073,0,2,1710,1,1990,1,44,2012,1,4,7,10
1073,1074,2,2,3330,10,2001,1,14,2011,1,4,7,10
1074,1075,0,2,1410,10,2013,0,0,0,0,0,0,0
1075,1076,0,2,90,1,1990,1,1,2013,1,4,7,10
1076,1077,0,0,3750,11,2001,1,35,2010,3,6,9,12
1077,1078,3,2,670,1,1990,1,40,2011,1,4,7,10
1078,1079,0,0,16680,1,1990,1,37,2009,1,4,7,10
1079,1080,0,0,2410,1,1990,1,40,2014,1,4,7,10
1080,1081,1,0,400,3,2006,0,0,0,0,0,0,0
1081,1082,2,0,440,4,2002,0,0,0,0,0,0,0
1082,1083,3,2,11540,1,1990,1,5,2013,2,5,8,11
1083,1084,0,0,190,1,1990,1,13,2010,1,4,7,10
1084,1085,2,0,4030,2,2015,0,0,0,0,0,0,0
1085,1086,0,0,180,11,2013,1,18,2011,2,5,8,11
1086,1087,3,2,2210,11,2011,0,0,0,0,0,0,0
1087,1088,0,0,4300,3,2009,1,27,2013,1,4,7,10
1088,1089,3,0,5220,5,2009,0,0,0,0,0,0,0
1089,1090,0,0,330,1,1990,1,14,2011,1,4,7,10
1090,1091,0,2,9990,1,1990,0,0,0,0,0,0,0
1091,1092,0,0,300,7,2000,1,40,2014,1,4,7,10
1092,1093,2,2,10450,6,2009,0,0,0,0,0,0,0
1093,1094,3,0,2380,3,2013,1,40,2014,1,4,7,10
1094,1095,0,0,690,6,2007,1,14,2011,1,4,7,10
1095,1096,0,2,1130,1,1990,1,10,2014,3,6,9,12
1096,1097,1,1,720,3,2002,0,0,0,0,0,0,0
1097,1098,0,0,1830,11,2004,0,0,0,0,0,0,0
1098,1099,0,2,200,4,2013,1,14,2013,1,4,7,10
1099,1100,0,0,540,1,1990,1,14,2011,1,4,7,10
1100,1101,3,2,4060,9,2012,0,0,0,0,0,0,0
1101,1102,0,0,850,11,2012,1,40,2014,1,4,7,10
1102,1103,3,2,1340,10,2006,1,5,2013,2,5,8,11
1103,1104,3,0,260,2,2012,1,14,2011,1,4,7,10
1104,1105,2,2,330,11,2008,1,5,2013,2,5,8,11
1105,1106,0,2,5330,9,2011,1,31,2013,1,4,7,10
1106,1107,0,0,1400,6,2012,1,13,2010,1,4,7,10
1107,1108,0,0,540,4,2004,0,0,0,0,0,0,0
1108,1109,2,0,3490,4,2011,1,22,2012,1,4,7,10
1109,1110,2,2,900,9,2010,0,0,0,0,0,0,0
1110,1111,0,0,1900,6,2014,1,31,2013,1,4,7,10
1111,1112,2,2,1880,4,2006,0,0,0,0,0,0,0
1112,1113,0,2,9260,1,1990,0,0,0,0,0,0,0
1113,1114,0,2,870,1,1990,0,0,0,0,0,0,0
1114,1115,3,2,5350,1,1990,1,22,2012,3,6,9,12
